{
    "packages": [
        {
            "name": "greezlu/capsolver-php",
            "version": "0.9.2",
            "version_normalized": "0.9.2.0",
            "source": {
                "type": "git",
                "url": "https://github.com/greezlu/capsolver-php.git",
                "reference": "ed0682790f181deb0b39cedf857c71192b45963b"
            },
            "dist": {
                "type": "zip",
                "url": "https://api.github.com/repos/greezlu/capsolver-php/zipball/ed0682790f181deb0b39cedf857c71192b45963b",
                "reference": "ed0682790f181deb0b39cedf857c71192b45963b",
                "shasum": ""
            },
            "require": {
                "ext-curl": "*",
                "ext-json": "*",
                "php": ">=7.4"
            },
            "time": "2023-12-03T22:56:25+00:00",
            "type": "library",
            "installation-source": "dist",
            "autoload": {
                "psr-4": {
                    "Capsolver\\": "src/"
                }
            },
            "notification-url": "https://packagist.org/downloads/",
            "license": [
                "MIT"
            ],
            "authors": [
                {
                    "name": "greezlu",
                    "email": "greezlu@gmail.com"
                }
            ],
            "support": {
                "issues": "https://github.com/greezlu/capsolver-php/issues",
                "source": "https://github.com/greezlu/capsolver-php/tree/v0.9.2"
            },
            "install-path": "../greezlu/capsolver-php"
        }
    ],
    "dev": true,
    "dev-package-names": []
}
